{"n": 7, "m": 0, "d": 1, "Q": [-0.3857002408474743, 0.04519849607501956, -0.07256755973715937, 0.09941408947578702, -0.13170133818356447, -0.10297053009704576, -0.10231471650825738, 0.04519849607501956, -0.27436004487690113, -0.13017359110239737, 0.13162859587591186, -0.13263373031819553, -0.2323479070388027, -0.017299747730704237, -0.07256755973715937, -0.13017359110239737, -0.3039966696496179, -0.17805494397936475, 0.021578683328576827, 0.1500937431367041, 0.0483083814940955, 0.09941408947578702, 0.13162859587591186, -0.17805494397936475, -0.383337306760629, 0.017642962010160003, -0.235325208429056, -0.05886862252856974, -0.13170133818356447, -0.13263373031819553, 0.021578683328576827, 0.017642962010160003, 0.029590954041039536, -0.16475719237519024, -0.0787096726131942, -0.10297053009704576, -0.2323479070388027, 0.1500937431367041, -0.235325208429056, -0.16475719237519024, -0.08033596627168454, 0.1075097930287619, -0.10231471650825738, -0.017299747730704237, 0.0483083814940955, -0.05886862252856974, -0.0787096726131942, 0.1075097930287619, -0.4054639141353935], "q": [0.30079436386293446, 0.20207790680908877, 0.6104463936654929, 0.043294304787268256, 0.8172977616173365, -0.36152782202290945, -0.8190813014581853], "A": [], "a": [], "b": []}